peptide_id	peptide	allele	prediction_tool	affinity_nm	rank	binder
mock|mock_missense|MOCK1|ENST000001|8mer|p1	PQRSTVWF	HLA-A*02:01	simple	1805.054	3.3312	no
mock|mock_missense|MOCK1|ENST000001|8mer|p1	PQRSTVWF	HLA-B*07:02	simple	1501.502	2.9812	no
mock|mock_missense|MOCK1|ENST000001|8mer|p2	QRSTVWFM	HLA-A*02:01	simple	1461.988	2.925	no
mock|mock_missense|MOCK1|ENST000001|8mer|p2	QRSTVWFM	HLA-B*07:02	simple	1256.281	2.575	no
mock|mock_missense|MOCK1|ENST000001|8mer|p3	RSTVWFMP	HLA-A*02:01	simple	1461.988	2.925	no
mock|mock_missense|MOCK1|ENST000001|8mer|p3	RSTVWFMP	HLA-B*07:02	simple	1256.281	2.575	no
mock|mock_missense|MOCK1|ENST000001|8mer|p4	STVWFMPE	HLA-A*02:01	simple	1461.988	2.925	no
mock|mock_missense|MOCK1|ENST000001|8mer|p4	STVWFMPE	HLA-B*07:02	simple	1256.281	2.575	no
mock|mock_missense|MOCK1|ENST000001|8mer|p5	TVWFMPEP	HLA-A*02:01	simple	1461.988	2.925	no
mock|mock_missense|MOCK1|ENST000001|8mer|p5	TVWFMPEP	HLA-B*07:02	simple	1256.281	2.575	no
mock|mock_missense|MOCK1|ENST000001|8mer|p6	VWFMPEPT	HLA-A*02:01	simple	1461.988	2.925	no
mock|mock_missense|MOCK1|ENST000001|8mer|p6	VWFMPEPT	HLA-B*07:02	simple	1256.281	2.575	no
mock|mock_missense|MOCK1|ENST000001|8mer|p7	WFMPEPTI	HLA-A*02:01	simple	1461.988	2.925	no
mock|mock_missense|MOCK1|ENST000001|8mer|p7	WFMPEPTI	HLA-B*07:02	simple	1256.281	2.575	no
mock|mock_missense|MOCK1|ENST000001|8mer|p8	FMPEPTID	HLA-A*02:01	simple	1976.285	3.4812	no
mock|mock_missense|MOCK1|ENST000001|8mer|p8	FMPEPTID	HLA-B*07:02	simple	1618.123	3.1312	no
mock|mock_missense|MOCK1|ENST000001|9mer|p9	NPQRSTVWF	HLA-A*02:01	simple	1332.149	2.7167	no
mock|mock_missense|MOCK1|ENST000001|9mer|p9	NPQRSTVWF	HLA-B*07:02	simple	1159.196	2.3667	no
mock|mock_missense|MOCK1|ENST000001|9mer|p10	PQRSTVWFM	HLA-A*02:01	simple	1154.438	2.3556	no
mock|mock_missense|MOCK1|ENST000001|9mer|p10	PQRSTVWFM	HLA-B*07:02	simple	1022.263	2.0056	no
mock|mock_missense|MOCK1|ENST000001|9mer|p11	QRSTVWFMP	HLA-A*02:01	simple	1154.438	2.3556	no
mock|mock_missense|MOCK1|ENST000001|9mer|p11	QRSTVWFMP	HLA-B*07:02	simple	1022.263	2.0056	no
mock|mock_missense|MOCK1|ENST000001|9mer|p12	RSTVWFMPE	HLA-A*02:01	simple	1154.438	2.3556	no
mock|mock_missense|MOCK1|ENST000001|9mer|p12	RSTVWFMPE	HLA-B*07:02	simple	1022.263	2.0056	no
mock|mock_missense|MOCK1|ENST000001|9mer|p13	STVWFMPEP	HLA-A*02:01	simple	1154.438	2.3556	no
mock|mock_missense|MOCK1|ENST000001|9mer|p13	STVWFMPEP	HLA-B*07:02	simple	1022.263	2.0056	no
mock|mock_missense|MOCK1|ENST000001|9mer|p14	TVWFMPEPT	HLA-A*02:01	simple	1154.438	2.3556	no
mock|mock_missense|MOCK1|ENST000001|9mer|p14	TVWFMPEPT	HLA-B*07:02	simple	1022.263	2.0056	no
mock|mock_missense|MOCK1|ENST000001|9mer|p15	VWFMPEPTI	HLA-A*02:01	simple	1018.56	1.9944	no
mock|mock_missense|MOCK1|ENST000001|9mer|p15	VWFMPEPTI	HLA-B*07:02	simple	914.262	1.6444	no
mock|mock_missense|MOCK1|ENST000001|9mer|p16	WFMPEPTID	HLA-A*02:01	simple	1154.438	2.3556	no
mock|mock_missense|MOCK1|ENST000001|9mer|p16	WFMPEPTID	HLA-B*07:02	simple	1022.263	2.0056	no
mock|mock_missense|MOCK1|ENST000001|9mer|p17	FMPEPTIDE	HLA-A*02:01	simple	1423.15	2.8667	no
mock|mock_missense|MOCK1|ENST000001|9mer|p17	FMPEPTIDE	HLA-B*07:02	simple	1227.496	2.5167	no
mock|mock_stop_lost|MOCK3|ENST000003|8mer|p1	QRSTVWYQ	HLA-A*02:01	simple	1805.054	3.3312	no
mock|mock_stop_lost|MOCK3|ENST000003|8mer|p1	QRSTVWYQ	HLA-B*07:02	simple	1501.502	2.9812	no
mock|mock_stop_lost|MOCK3|ENST000003|8mer|p2	RSTVWYQQ	HLA-A*02:01	simple	1805.054	3.3312	no
mock|mock_stop_lost|MOCK3|ENST000003|8mer|p2	RSTVWYQQ	HLA-B*07:02	simple	1501.502	2.9812	no
mock|mock_stop_lost|MOCK3|ENST000003|9mer|p3	PQRSTVWYQ	HLA-A*02:01	simple	1332.149	2.7167	no
mock|mock_stop_lost|MOCK3|ENST000003|9mer|p3	PQRSTVWYQ	HLA-B*07:02	simple	1159.196	2.3667	no
mock|mock_stop_lost|MOCK3|ENST000003|9mer|p4	QRSTVWYQQ	HLA-A*02:01	simple	1332.149	2.7167	no
mock|mock_stop_lost|MOCK3|ENST000003|9mer|p4	QRSTVWYQQ	HLA-B*07:02	simple	1159.196	2.3667	no
mock|mock_start_lost|MOCK4|ENST000004|8mer|p1	DEKLMNPQ	HLA-A*02:01	simple	3048.78	4.0375	no
mock|mock_start_lost|MOCK4|ENST000004|8mer|p1	DEKLMNPQ	HLA-B*07:02	simple	2272.727	3.6875	no
mock|mock_start_lost|MOCK4|ENST000004|8mer|p2	EKLMNPQR	HLA-A*02:01	simple	3048.78	4.0375	no
mock|mock_start_lost|MOCK4|ENST000004|8mer|p2	EKLMNPQR	HLA-B*07:02	simple	2272.727	3.6875	no
mock|mock_start_lost|MOCK4|ENST000004|8mer|p3	KLMNPQRS	HLA-A*02:01	simple	3048.78	4.0375	no
mock|mock_start_lost|MOCK4|ENST000004|8mer|p3	KLMNPQRS	HLA-B*07:02	simple	2272.727	3.6875	no
mock|mock_start_lost|MOCK4|ENST000004|8mer|p4	LMNPQRST	HLA-A*02:01	simple	3048.78	4.0375	no
mock|mock_start_lost|MOCK4|ENST000004|8mer|p4	LMNPQRST	HLA-B*07:02	simple	2272.727	3.6875	no
mock|mock_start_lost|MOCK4|ENST000004|9mer|p5	IDEKLMNPQ	HLA-A*02:01	simple	1527.495	3.0167	no
mock|mock_start_lost|MOCK4|ENST000004|9mer|p5	IDEKLMNPQ	HLA-B*07:02	simple	1304.348	2.6667	no
mock|mock_start_lost|MOCK4|ENST000004|9mer|p6	DEKLMNPQR	HLA-A*02:01	simple	1854.905	3.3778	no
mock|mock_start_lost|MOCK4|ENST000004|9mer|p6	DEKLMNPQR	HLA-B*07:02	simple	1535.836	3.0278	no
mock|mock_start_lost|MOCK4|ENST000004|9mer|p7	EKLMNPQRS	HLA-A*02:01	simple	1854.905	3.3778	no
mock|mock_start_lost|MOCK4|ENST000004|9mer|p7	EKLMNPQRS	HLA-B*07:02	simple	1535.836	3.0278	no
mock|mock_start_lost|MOCK4|ENST000004|9mer|p8	KLMNPQRST	HLA-A*02:01	simple	1854.905	3.3778	no
mock|mock_start_lost|MOCK4|ENST000004|9mer|p8	KLMNPQRST	HLA-B*07:02	simple	1535.836	3.0278	no
mock|mock_frameshift|MOCK5|ENST000005|8mer|p1	RSTVWYML	HLA-A*02:01	simple	1228.501	2.5188	no
mock|mock_frameshift|MOCK5|ENST000005|8mer|p1	RSTVWYML	HLA-B*07:02	simple	1079.914	2.1688	no
mock|mock_frameshift|MOCK5|ENST000005|8mer|p2	STVWYMLL	HLA-A*02:01	simple	1059.322	2.1125	no
mock|mock_frameshift|MOCK5|ENST000005|8mer|p2	STVWYMLL	HLA-B*07:02	simple	946.97	1.7625	no
mock|mock_frameshift|MOCK5|ENST000005|8mer|p3	TVWYMLLL	HLA-A*02:01	simple	931.099	1.7063	no
mock|mock_frameshift|MOCK5|ENST000005|8mer|p3	TVWYMLLL	HLA-B*07:02	simple	843.17	1.3562	no
mock|mock_frameshift|MOCK5|ENST000005|8mer|p4	VWYMLLLL	HLA-A*02:01	simple	830.565	1.3	no
mock|mock_frameshift|MOCK5|ENST000005|8mer|p4	VWYMLLLL	HLA-B*07:02	simple	759.878	0.95	no
mock|mock_frameshift|MOCK5|ENST000005|8mer|p5	WYMLLLLL	HLA-A*02:01	simple	830.565	1.3	no
mock|mock_frameshift|MOCK5|ENST000005|8mer|p5	WYMLLLLL	HLA-B*07:02	simple	759.878	0.95	no
mock|mock_frameshift|MOCK5|ENST000005|8mer|p6	YMLLLLLL	HLA-A*02:01	simple	865.052	1.45	no
mock|mock_frameshift|MOCK5|ENST000005|8mer|p6	YMLLLLLL	HLA-B*07:02	simple	788.644	1.1	no
mock|mock_frameshift|MOCK5|ENST000005|8mer|p7	MLLLLLLL	HLA-A*02:01	simple	902.527	1.6	no
mock|mock_frameshift|MOCK5|ENST000005|8mer|p7	MLLLLLLL	HLA-B*07:02	simple	819.672	1.25	no
mock|mock_frameshift|MOCK5|ENST000005|8mer|p8	LLLLLLLL	HLA-A*02:01	simple	902.527	1.6	no
mock|mock_frameshift|MOCK5|ENST000005|8mer|p8	LLLLLLLL	HLA-B*07:02	simple	819.672	1.25	no
mock|mock_frameshift|MOCK5|ENST000005|9mer|p9	QRSTVWYML	HLA-A*02:01	simple	1018.56	1.9944	no
mock|mock_frameshift|MOCK5|ENST000005|9mer|p9	QRSTVWYML	HLA-B*07:02	simple	914.262	1.6444	no
mock|mock_frameshift|MOCK5|ENST000005|9mer|p10	RSTVWYMLL	HLA-A*02:01	simple	911.3	1.6333	no
mock|mock_frameshift|MOCK5|ENST000005|9mer|p10	RSTVWYMLL	HLA-B*07:02	simple	826.902	1.2833	no
mock|mock_frameshift|MOCK5|ENST000005|9mer|p11	STVWYMLLL	HLA-A*02:01	simple	824.478	1.2722	no
mock|mock_frameshift|MOCK5|ENST000005|9mer|p11	STVWYMLLL	HLA-B*07:02	simple	754.78	0.9222	no
mock|mock_frameshift|MOCK5|ENST000005|9mer|p12	TVWYMLLLL	HLA-A*02:01	simple	752.76	0.9111	no
mock|mock_frameshift|MOCK5|ENST000005|9mer|p12	TVWYMLLLL	HLA-B*07:02	simple	694.23	0.5611	no
mock|mock_frameshift|MOCK5|ENST000005|9mer|p13	VWYMLLLLL	HLA-A*02:01	simple	692.521	0.55	no
mock|mock_frameshift|MOCK5|ENST000005|9mer|p13	VWYMLLLLL	HLA-B*07:02	simple	642.674	0.2	no
mock|mock_frameshift|MOCK5|ENST000005|9mer|p14	WYMLLLLLL	HLA-A*02:01	simple	692.521	0.55	no
mock|mock_frameshift|MOCK5|ENST000005|9mer|p14	WYMLLLLLL	HLA-B*07:02	simple	642.674	0.2	no
mock|mock_frameshift|MOCK5|ENST000005|9mer|p15	YMLLLLLLL	HLA-A*02:01	simple	716.332	0.7	no
mock|mock_frameshift|MOCK5|ENST000005|9mer|p15	YMLLLLLLL	HLA-B*07:02	simple	663.13	0.35	no
mock|mock_frameshift|MOCK5|ENST000005|9mer|p16	MLLLLLLLL	HLA-A*02:01	simple	741.84	0.85	no
mock|mock_frameshift|MOCK5|ENST000005|9mer|p16	MLLLLLLLL	HLA-B*07:02	simple	684.932	0.5	no
mock|mock_frameshift|MOCK5|ENST000005|9mer|p17	LLLLLLLLL	HLA-A*02:01	simple	741.84	0.85	no
mock|mock_frameshift|MOCK5|ENST000005|9mer|p17	LLLLLLLLL	HLA-B*07:02	simple	684.932	0.5	no
